<?xml version="1.0" encoding="utf-8" standalone="yes"?>

<?xml-stylesheet href="./_c74_ref.xsl" type="text/xsl"?>

<!--This is an automatically generated file. DO NOT EDIT THIS FILE DIRECTLY. Rather, use the _ref.xml files found in the 'edits' folder.-->
<c74object name="ambicube~" module="msp" category="MSP I/O">
	<digest>
		3D spatialization by ambisonic B format.
	</digest>
	<description>
        The <o>ambicube~</o> object spatializes a mono sound in space thanks to the ambisonic B format by Michael Gerzon. The gains of the eight loudspeakers, forming a cube, help creating a virtual location of the sound source around the listener in three dimensions.
	</description>
	<!--METADATA-->
	<metadatalist>
		<metadata name="author">
			R.MIGNOT, B.COURRIBET, CICM, Paris-8 University, MSH Paris Nord, ACI Jeunes, Max 6.0.4 version by E.PARIS
		</metadata>
		<metadata name="tag">
			MSP
		</metadata>
		<metadata name="tag">
			spat
		</metadata>
	</metadatalist>
	<!--INLETS-->
	<inletlist>
		<inlet id="0" type="signal/float">
			<digest>
				Audio signal input or source coordinates and other messages.
			</digest>
			<description>
				TEXT_HERE
			</description>
		</inlet>
		<inlet id="1" type="signal/float">
			<digest>
				Abscissa or distance of the source, according to the coordinate type.
			</digest>
			<description>
				TEXT_HERE
			</description>
		</inlet>
        <inlet id="3" type="signal/float">
			<digest>
				ordinate or angle of the source in degrees, according to the coordinate type.
			</digest>
			<description>
				TEXT_HERE
			</description>
		</inlet>
        <inlet id="4" type="signal/float">
			<digest>
				height or elevation angle of the source, according to the coordinate type.
			</digest>
			<description>
				TEXT_HERE
			</description>
		</inlet>
	</inletlist>
	<!--OUTLETS-->
	<outletlist>
		<outlet id="0" type="signal">
			<digest>
				(signal) Output of Audio Channels 1
			</digest>
			<description>
				TEXT_HERE
			</description>
		</outlet>
	</outletlist>
	<!--ARGUMENTS-->
	<objarglist>
        <objarg name="coordinate-type" optional="1" type="symbol">
			<digest>
				Coordinate type : 'c' = cartesian, 'p' = cylindrical, 's' = spherical.
			</digest>
			<description>
				Coordinate type : 'c' = cartesian, 'p' = cylindrical, 's' = spherical, cartesian by default.
			</description>
		</objarg>
        <objarg name="ambisonic-offset" optional="1" type="float">
			<digest>
				Set the Ambisonic offset.
			</digest>
			<description>
				Set the Ambisonic offset. By default 0.3.
			</description>
		</objarg>
        <objarg name="interpolation-time" optional="1" type="int">
			<digest>
				Set the Interpolation time in ms. (Works with control data only).
			</digest>
			<description>
				Set the Interpolation time in ms. (Works with control data only). By default 10.
			</description>
		</objarg>
	</objarglist>
	<!--MESSAGES-->
	<methodlist>
    
        <method name="set_offset">
			<arglist>
				<arg name="offset" optional="0" type="float" />
			</arglist>
			<digest>
				Change the offset value.
			</digest>
			<description>
			</description>
		</method>
        
        <method name="mute_sig">
			<arglist>
            <arg name="toggle" optional="0" type="int" />
			</arglist>
			<digest>
				desactivate the audio inlets.
			</digest>
			<description>
            In order to desactivate the audio inlets. When they are desactivated, the list coordinates is received by the first inlet.
			</description>
		</method>
        
        <method name="change_type">
			<arglist>
            <arg name="type" optional="0" type="symbol" />
			</arglist>
			<digest>
				Change the coordinates type
			</digest>
			<description>
            In order to change the coordinates type: 'c'= cartesian, 'p' = polar.
            </description>
		</method>
        
	</methodlist>
	<!--ATTRIBUTES-->
	<!--EXAMPLE-->
	<examplelist>
	</examplelist>
	<!--SEEALSO-->
	<seealsolist>
		<seealso name="ambipan~" />
		<seealso name="vbapan~" />
	</seealsolist>
	<discussion>
		The <o>ambicube~</o> object spatializes a mono sound in space thanks to the ambisonic B format by Michael Gerzon. The gains of the eight loudspeakers, forming a cube, help creating a virtual location of the sound source around the listener in three dimensions.
	</discussion>
	<misc name="Output">
		<entry name="signal">
			<description>
				The <o>ambicube~</o> object spatializes a mono sound in space thanks to the ambisonic B format by Michael Gerzon. The gains of the eight loudspeakers, forming a cube, help creating a virtual location of the sound source around the listener in three dimensions.
			</description>
		</entry>
	</misc>
</c74object>
