<?xml version="1.0" encoding="utf-8" standalone="yes"?>

<?xml-stylesheet href="./_c74_ref.xsl" type="text/xsl"?>

<!--This is an automatically generated file. DO NOT EDIT THIS FILE DIRECTLY. Rather, use the _ref.xml files found in the 'edits' folder.-->
<c74object name="vbapan~" module="msp" category="MSP I/O">
	<digest>
		2D spatialization by Vector Base Amplitude Panning
	</digest>
	<description>
        The <o>vbapan~</o> object spatializes a mono sound in a plan thanks to the Vector Base Amplitude Panning. The gains of every loudspeaker help create a virtual location of the sound source all around the listener.
	</description>
	<!--METADATA-->
	<metadatalist>
		<metadata name="author">
			R.MIGNOT, B.COURRIBET, CICM, Paris-8 University, MSH Paris Nord, ACI Jeunes, Max 6.0.4 version by E.PARIS
		</metadata>
		<metadata name="tag">
			MSP
		</metadata>
		<metadata name="tag">
			MSP I/O
		</metadata>
	</metadatalist>
	<!--INLETS-->
	<inletlist>
		<inlet id="0" type="signal/float">
			<digest>
				Audio signal input or source coordinates and others messages.
			</digest>
			<description>
				TEXT_HERE
			</description>
		</inlet>
		<inlet id="1" type="signal/float">
			<digest>
				Abscissa or distance of the source, according to the coordinate type.
			</digest>
			<description>
				TEXT_HERE
			</description>
		</inlet>
        <inlet id="3" type="signal/float">
			<digest>
				ordinate or angle of the source in degrees, according to the coordinate type.
			</digest>
			<description>
				TEXT_HERE
			</description>
		</inlet>
	</inletlist>
	<!--OUTLETS-->
	<outletlist>
		<outlet id="0" type="signal">
			<digest>
				(signal) Output of Audio Channels 1
			</digest>
			<description>
				TEXT_HERE
			</description>
		</outlet>
	</outletlist>
	<!--ARGUMENTS-->
	<objarglist>
		<objarg name="number-of-outputs" optional="1" type="int">
			<digest>
				The Number of outlets, and so of loudspeakers by default.
			</digest>
			<description>
				The argument specify the number of output channels you need, and so of loudspeakers by default, it must be between 2 and 32. Without parameters there are 4 outlets.
			</description>
		</objarg>
        <objarg name="coordinate-type" optional="1" type="symbol">
			<digest>
				Coordinate type : 'c' = cartesian, 'p' = polar.
			</digest>
			<description>
				Coordinate type : 'c' = cartesian, 'p' = polar, by default the coordinates are cartesian.
			</description>
		</objarg>
        <objarg name="central-radius" optional="1" type="float">
			<digest>
				Set the central radius value.
			</digest>
			<description>
				Set the Ambisonic offset. By default 0.5.
			</description>
		</objarg>
        <objarg name="interpolation-time" optional="1" type="int">
			<digest>
				Set the Interpolation time in ms. (Works with control data only).
			</digest>
			<description>
				Set the Interpolation time in ms. (Works with control data only). By default 10.
			</description>
		</objarg>
	</objarglist>
	<!--MESSAGES-->
	<methodlist>
		<method name="set_nb_hp">
			<arglist>
				<arg name="loudspeakers-number" optional="0" type="int" />
			</arglist>
			<digest>
				Change the loudspeakers number.
			</digest>
			<description>
				The word <m>set_nb_hp</m>, followed by an int change the loudspeakers number.
                the number must be between 2 and the number of current outputs.
			</description>
		</method>
        <method name="set_disc">
			<arglist>
				<arg name="central-radius" optional="0" type="float" />
			</arglist>
			<digest>
				Change central radius value.
			</digest>
			<description>
			</description>
		</method>
        <method name="get_info">
			<arglist>
			</arglist>
			<digest>
				Print informations into the Max window.
			</digest>
			<description>
			</description>
		</method>
        <method name="mute_sig">
			<arglist>
            <arg name="toggle" optional="0" type="int" />
			</arglist>
			<digest>
				desactivate the audio inlets.
			</digest>
			<description>
            In order to desactivate the audio inlets. When they are desactivated, the list coordinates is received by the first inlet.
			</description>
		</method>
        <method name="change_type">
			<arglist>
            <arg name="type" optional="0" type="symbol" />
			</arglist>
			<digest>
				Change the coordinates type
			</digest>
			<description>
            In order to change the coordinates type: 'c'= cartesian, 'p' = polar.
            </description>
		</method>
        <method name="xy_setpos">
			<arglist>
            <arg name="loudspeaker-disposition-list" optional="0" type="list" />
			</arglist>
			<digest>
				Modify the loudspeakers arrangement
			</digest>
			<description>
            The symbol "xy_setpos" allows to modify the loudspeaker arrangement with their cartesian coordinates. "abscissa-ordinate" from the first loudspeaker to the last.
            </description>
		</method>
        <method name="ra_setpos">
			<arglist>
            <arg name="loudspeaker-disposition-list" optional="0" type="list" />
			</arglist>
			<digest>
				Modify the loudspeakers disposition
			</digest>
			<description>
            With the symbol "ra_setpos" polar coordinate arrangement can be modified, "distance-angle" from the first loudspeaker to the last.
            </description>
		</method>
        <method name="a_setpos">
			<arglist>
            <arg name="loudspeaker-disposition-list" optional="0" type="list" />
			</arglist>
			<digest>
				Modify the loudspeakers disposition
			</digest>
			<description>
            With the symbol "a_setpos" arrangement only with distance can be modified. So the loudspeakers are on the unity circle with the specified angle.
            </description>
		</method>
	</methodlist>
	<!--ATTRIBUTES-->
	<!--EXAMPLE-->
	<examplelist>
	</examplelist>
	<!--SEEALSO-->
	<seealsolist>
		<seealso name="ambipan~" />
		<seealso name="ambicube~" />
	</seealsolist>
	<discussion>
		The <o>vbapan~</o> object spatializes a mono sound in a plan thanks to the Vector Base Amplitude Panning. The gains of every loudspeaker help create a virtual location of the sound source all around the listener.
	</discussion>
	<misc name="Output">
		<entry name="signal">
			<description>
				The <o>vbapan~</o> object spatializes a mono sound in a plan thanks to the Vector Base Amplitude Panning. The gains of every loudspeaker help create a virtual location of the sound source all around the listener.
			</description>
		</entry>
	</misc>
</c74object>
